{
  "mean_activations_examples": {
    "n_examples": [
      20,
      30,
      40,
      50,
      100,
      150,
      200,
      250,
      300,
      350,
      400,
      450,
      500,
      550,
      600,
      650,
      700,
      750,
      800,
      850,
      900,
      950,
      1000,
      1050,
      1100,
      1150,
      1200,
      1250,
      1300,
      1350,
      1400,
      1450,
      1500,
      1550,
      1600,
      1650,
      1700,
      1750,
      1800,
      1850,
      1900,
      1950,
      2000,
      2050,
      2100,
      2150,
      2200,
      2250,
      2300,
      2350,
      2400,
      2450,
      2500,
      2550,
      2600,
      2650,
      2700,
      2750,
      2800,
      2850,
      2900,
      2950,
      3000
    ],
    "means": [
      68.74,
      67.78,
      69.38,
      70.05999999999999,
      72.39999999999999,
      72.94,
      73.56,
      73.42,
      73.56,
      74.11999999999999,
      74.33999999999999,
      74.38,
      74.22,
      74.46,
      74.60000000000001,
      74.82,
      74.64,
      74.91999999999999,
      74.68,
      74.8,
      74.68,
      74.86,
      74.54,
      74.56,
      74.64,
      74.74000000000001,
      74.66,
      74.72,
      74.82000000000001,
      74.69999999999999,
      74.66,
      74.70000000000002,
      74.66,
      74.66000000000001,
      74.78,
      74.8,
      74.64,
      74.58,
      74.6,
      74.7,
      74.77999999999999,
      74.68,
      74.64,
      74.62,
      74.64,
      74.6,
      74.62,
      74.68,
      74.66000000000001,
      74.74000000000001,
      74.75999999999999,
      74.8,
      74.76,
      74.78,
      74.72000000000001,
      74.78,
      74.76,
      74.78,
      74.88,
      74.86,
      74.86,
      74.9,
      74.85515030060121
    ],
    "stds": [
      5.808993028055721,
      6.083715969701411,
      5.655758127784463,
      3.421169390720078,
      2.9866369046136145,
      3.432841388704115,
      2.8772208813367137,
      2.722425389243939,
      2.788261106854954,
      3.0753211214440705,
      2.953032339816145,
      3.3087157629509396,
      2.8262342436535604,
      2.7800000000000025,
      2.544012578585258,
      2.5447200238926113,
      2.5342454498331475,
      2.6880476186258333,
      2.7628970302926623,
      2.6153393661244064,
      2.7132268611378616,
      2.8000714276603755,
      2.578449146289298,
      2.467063031217486,
      2.476772092866037,
      2.366516427156171,
      2.498079262153227,
      2.6716287167194497,
      2.267068591816315,
      2.392070233082635,
      2.400083331886626,
      2.2825424421026677,
      2.327316050733121,
      2.5060726246459843,
      2.5019192632856906,
      2.581472448042011,
      2.5546819762937245,
      2.571303171545513,
      2.6244999523718824,
      2.5678785017987145,
      2.568190024122049,
      2.477418010752326,
      2.3677837739118006,
      2.4040798655618763,
      2.3320377355437474,
      2.3613555429032727,
      2.4156986567036896,
      2.49671784549236,
      2.4996799795173805,
      2.4658467105641444,
      2.505673562138534,
      2.3082460874005633,
      2.335465692319202,
      2.302086010556515,
      2.2789471253190605,
      2.368881592650846,
      2.321723497749034,
      2.282892901561527,
      2.371834732859777,
      2.4642240157907747,
      2.4034142381204306,
      2.336236289419375,
      2.345952736392743
    ]
  },
  "conceptor_examples": {
    "n_examples": [
      20,
      30,
      40,
      50,
      100,
      150,
      200,
      250,
      300,
      350,
      400,
      450,
      500,
      550,
      600,
      650,
      700,
      750,
      800,
      850,
      900,
      950,
      1000,
      1050,
      1100,
      1150,
      1200,
      1250,
      1300,
      1350,
      1400,
      1450,
      1500,
      1550,
      1600,
      1650,
      1700,
      1750,
      1800,
      1850,
      1900,
      1950,
      2000,
      2050,
      2100,
      2150,
      2200,
      2250,
      2300,
      2350,
      2400,
      2450,
      2500,
      2550,
      2600,
      2650,
      2700,
      2750,
      2800,
      2850,
      2900,
      2950,
      3000
    ],
    "means": [
      66.60000000000001,
      66.36363636363636,
      68.30909090909091,
      68.65454545454544,
      70.67272727272727,
      71.43636363636364,
      72.4909090909091,
      72.65454545454546,
      72.67272727272727,
      73.45454545454545,
      73.63636363636364,
      74.07272727272726,
      74.29090909090908,
      74.65454545454546,
      74.67272727272729,
      74.21818181818183,
      74.21818181818182,
      74.47272727272728,
      74.67272727272729,
      74.74545454545454,
      74.76363636363637,
      74.65454545454546,
      74.6909090909091,
      74.92727272727272,
      75.29090909090908,
      75.21818181818183,
      75.30909090909091,
      75.45454545454544,
      75.23636363636363,
      75.4,
      75.36363636363636,
      75.3090909090909,
      75.32727272727271,
      75.36363636363636,
      75.14545454545456,
      75.41818181818182,
      75.29090909090908,
      75.36363636363636,
      75.25454545454546,
      75.45454545454547,
      75.54545454545455,
      75.61818181818182,
      75.8909090909091,
      75.7090909090909,
      75.6909090909091,
      75.54545454545455,
      75.74545454545455,
      75.85454545454546,
      75.79999999999998,
      75.72727272727273,
      75.65454545454546,
      75.58181818181818,
      75.56363636363635,
      75.61818181818182,
      75.80000000000001,
      75.81818181818181,
      75.79999999999998,
      75.79999999999998,
      75.9090909090909,
      75.78181818181818,
      75.72727272727275,
      75.8909090909091,
      75.81818181818181
    ],
    "stds": [
      3.0355469778188993,
      3.6469844896528665,
      3.6842304106839268,
      2.54999594878952,
      2.452861375133097,
      1.6642075522180229,
      1.9602664686463371,
      1.9947037311858165,
      1.9582417480489123,
      1.5233716411384313,
      1.5417066855054613,
      2.0859229084904594,
      1.9732089902005492,
      1.9855677623397752,
      2.025784206891881,
      1.9862336133854335,
      2.072248748590059,
      1.8276119088187746,
      1.9767240618075486,
      1.789039171461821,
      1.906578433297213,
      1.8627270508895577,
      1.3358378681252296,
      1.5261900924678784,
      1.62338285713089,
      1.5665933984391298,
      1.4431370787625053,
      1.2766174313848708,
      1.413745976457729,
      1.484465009232743,
      1.3851634148902492,
      1.3466824863375435,
      1.2884740157473884,
      1.3586575776195942,
      1.332368797131729,
      1.2223808228343,
      1.4853555102181903,
      1.3012390789151205,
      1.3647268367123797,
      1.3486448662292883,
      1.3432414230737377,
      1.336085314245371,
      1.3027624812852998,
      1.2802375812570153,
      1.524022515614247,
      1.4067135370097974,
      1.0722649234753994,
      0.9726847909160196,
      1.0954451150103333,
      1.188651572994994,
      1.1380714439657336,
      1.1582260588096729,
      1.1113241301771737,
      1.1830762534543602,
      1.21206060454538,
      1.2312729420608748,
      1.2416997148337372,
      1.298950625417583,
      1.3654533349468077,
      1.34422548285633,
      1.265694857015064,
      1.1228652841196018,
      1.2546771999335369
    ]
  }
}