{
  "mean_activations_examples": {
    "n_examples": [
      20,
      30,
      40,
      50,
      100,
      150,
      200,
      250,
      300,
      350,
      400,
      450,
      500,
      550,
      600,
      650,
      700,
      750,
      800,
      850,
      900,
      950,
      1000,
      1050,
      1100,
      1150,
      1200,
      1250,
      1300,
      1350,
      1400,
      1450,
      1500,
      1550,
      1600,
      1650,
      1700,
      1750,
      1800,
      1850,
      1900,
      1950,
      2000,
      2050,
      2100,
      2150,
      2200,
      2250,
      2300,
      2350,
      2400,
      2450,
      2500,
      2550,
      2600,
      2650,
      2700,
      2750,
      2800,
      2850,
      2900,
      2950,
      3000
    ],
    "means": [
      72.18,
      73.22,
      74.97999999999999,
      75.46,
      76.84,
      76.58000000000001,
      76.66000000000001,
      76.98,
      77.24,
      77.69999999999999,
      77.5,
      77.38000000000001,
      77.48,
      77.38000000000001,
      77.48,
      77.36,
      77.47999999999999,
      77.5,
      77.53999999999999,
      77.60000000000001,
      77.66,
      77.66,
      77.74,
      77.82,
      77.67999999999999,
      77.78,
      77.64000000000001,
      77.74,
      77.8,
      77.84,
      77.8,
      77.86000000000001,
      77.86000000000001,
      77.86000000000001,
      77.86000000000001,
      77.8,
      77.78,
      77.78,
      77.76,
      77.8,
      77.84,
      77.84,
      77.84,
      77.90000000000002,
      77.88000000000001,
      77.92,
      77.84,
      77.88000000000001,
      77.94000000000001,
      77.90000000000002,
      77.86,
      77.98,
      78.08,
      78.0,
      77.98,
      77.98,
      77.98,
      78.02,
      78.03999999999999,
      77.96000000000001,
      78.0,
      78.1,
      78.06
    ],
    "stds": [
      3.2710243044037455,
      3.7474791527105253,
      4.1813394982947765,
      3.569929971301959,
      1.6965848048358811,
      1.9564253116334411,
      1.9453534383242563,
      2.1917116598676953,
      2.0254382241875457,
      2.0885401600160813,
      2.0243517480912248,
      2.109881513260875,
      1.990376848739956,
      2.040490137197433,
      2.051730976517145,
      2.257077756746541,
      2.006389792637512,
      2.090454496036687,
      2.1982720486782337,
      2.146625258399798,
      2.2073513539987237,
      2.3221541723150083,
      2.3341807984815572,
      2.226117696798622,
      2.2184679398179274,
      2.209886874932742,
      2.233920320870912,
      2.2839439572809135,
      2.268038800373574,
      2.0857612519173903,
      2.1279097725232616,
      2.1708063018150647,
      2.1726481537515454,
      2.181834090851089,
      2.183666641225258,
      2.097617696340303,
      2.1399999999999997,
      2.083170660315664,
      2.1886982432487123,
      2.207260745811423,
      2.265921446122967,
      2.24107117245303,
      2.2835060761907333,
      2.1858636736997115,
      2.1113029152634635,
      2.1839413911549914,
      2.1978170988505843,
      2.18577217477028,
      2.1744884455889846,
      2.273763400180415,
      2.310064934152285,
      2.1953587406162116,
      2.256014184352572,
      2.2943408639519975,
      2.249355463238303,
      2.2315017364994363,
      2.270594635772753,
      2.220720603768065,
      2.239285600364545,
      2.3303218661807215,
      2.2449944320643644,
      2.171174797200815,
      2.18
    ]
  },
  "conceptor_examples": {
    "n_examples": [
      20,
      30,
      40,
      50,
      100,
      150,
      200,
      250,
      300,
      350,
      400,
      450,
      500,
      550,
      600,
      650,
      700,
      750,
      800,
      850,
      900,
      950,
      1000,
      1050,
      1100,
      1150,
      1200,
      1250,
      1300,
      1350,
      1400,
      1450,
      1500,
      1550,
      1600,
      1650,
      1700,
      1750,
      1800,
      1850,
      1900,
      1950,
      2000,
      2050,
      2100,
      2150,
      2200,
      2250,
      2300,
      2350,
      2400,
      2450,
      2500,
      2550,
      2600,
      2650,
      2700,
      2750,
      2800,
      2850,
      2900,
      2950,
      3000
    ],
    "means": [
      67.48,
      69.19999999999999,
      71.88000000000001,
      72.32,
      74.32000000000001,
      75.77478957915831,
      76.44,
      76.76,
      77.08000000000001,
      76.97999999999999,
      77.62,
      77.47999999999999,
      77.49999999999999,
      77.96000000000001,
      77.86000000000001,
      78.02000000000001,
      78.06,
      78.24,
      78.09523046092185,
      78.18,
      77.64,
      77.62,
      77.82000000000001,
      77.98,
      77.90000000000002,
      77.75030060120241,
      77.81482965931865,
      77.98,
      77.9,
      78.06,
      78.24000000000001,
      78.3,
      78.34,
      78.28,
      78.32000000000001,
      78.22,
      78.16000000000001,
      78.10000000000001,
      78.11999999999999,
      78.14,
      78.1,
      78.28,
      78.32000000000001,
      78.36000000000001,
      78.44,
      78.32000000000001,
      78.16000000000001,
      78.22,
      78.22,
      78.10000000000001,
      78.12,
      78.14000000000001,
      78.22000000000001,
      78.22000000000001,
      78.28000000000002,
      78.42,
      78.42,
      78.25999999999999,
      78.2,
      78.19999999999999,
      78.24,
      78.18,
      78.14
    ],
    "stds": [
      4.4633619615711195,
      4.516635916254486,
      4.93493667639211,
      3.5306656596171777,
      1.9291448882860007,
      2.28350463861244,
      2.269449272400685,
      1.8128430709799475,
      2.0439178065665966,
      2.1456001491424255,
      2.233293531983648,
      2.5646832163056708,
      2.3954122818421046,
      2.017523234066958,
      2.1355093069335935,
      2.184399230909954,
      1.7709884245810295,
      1.639024099883829,
      1.5060972694431636,
      1.3955644019535596,
      1.5538339679644013,
      1.6503332996700988,
      1.7560182231400663,
      1.6430459518832687,
      1.8788294228055928,
      1.9913089907749062,
      2.238140714597257,
      2.0346006979257623,
      1.9021040980976824,
      1.9329769786523576,
      1.845643519209492,
      2.182200724039838,
      2.248644035858053,
      2.169239498073,
      2.178439808670414,
      2.2044500447957533,
      2.123770232393325,
      2.0479257799051194,
      2.1599999999999997,
      2.082402458700046,
      2.0808652046684806,
      2.0301724064719227,
      2.099904759745069,
      2.1850400453996244,
      2.083842604420977,
      2.051730976517145,
      2.214136400495687,
      2.2368728171266237,
      2.407405242164268,
      2.320775732379154,
      2.336150680071814,
      2.354654964108329,
      2.1935359582190572,
      2.4156986567036873,
      2.4235511135521772,
      2.4007498828491065,
      2.40574312843246,
      2.4034142381204284,
      2.393324048264254,
      2.2090722034374513,
      2.2588492645592795,
      2.2705946357727522,
      2.3715817506466013
    ]
  }
}