{
  "mean_activations_examples": {
    "n_examples": [
      20,
      30,
      40,
      50,
      100,
      150,
      200,
      250,
      300,
      350,
      400,
      450,
      500,
      550,
      600,
      650,
      700,
      750,
      800,
      850,
      900,
      950,
      1000,
      1050,
      1100,
      1150,
      1200,
      1250,
      1300,
      1350,
      1400,
      1450,
      1500,
      1550,
      1600,
      1650,
      1700,
      1750,
      1800,
      1850,
      1900,
      1950,
      2000,
      2050,
      2100,
      2150,
      2200,
      2250,
      2300,
      2350,
      2400,
      2450,
      2500,
      2550,
      2600,
      2650,
      2700,
      2750,
      2800,
      2850,
      2900,
      2950,
      3000
    ],
    "means": [
      70.24000000000001,
      71.30000000000001,
      72.89999999999999,
      73.9,
      76.1,
      75.74,
      76.74,
      76.46,
      76.84,
      76.76,
      76.72,
      76.66,
      76.6,
      76.55999999999999,
      76.68,
      76.62,
      76.72000000000001,
      76.74000000000001,
      76.72000000000001,
      76.72000000000001,
      76.70000000000002,
      76.8,
      76.70000000000002,
      76.72,
      76.78,
      76.9,
      76.72000000000001,
      76.76,
      76.92,
      76.92,
      77.0,
      76.92,
      76.98,
      77.03999999999999,
      76.96000000000001,
      76.88,
      76.86000000000001,
      76.82,
      76.89999999999999,
      76.94,
      77.00000000000001,
      76.96,
      77.06,
      77.04,
      77.06,
      77.16000000000001,
      77.12,
      77.16,
      77.22,
      77.26,
      77.25999999999999,
      77.25999999999999,
      77.3,
      77.3,
      77.18,
      77.25999999999999,
      77.27999999999999,
      77.3,
      77.36000000000001,
      77.27999999999999,
      77.27999999999999,
      77.3,
      77.28
    ],
    "stds": [
      5.647512726855957,
      5.183242228566982,
      5.75656147365769,
      3.9932442950563396,
      2.5803100588882746,
      2.9024816967553844,
      2.2645970944077467,
      2.436472860509636,
      2.4719223288768624,
      2.8478764018124125,
      2.969444392474795,
      2.7554310007692107,
      2.7334959301231843,
      2.6800000000000024,
      2.8385911998736297,
      2.6418932605235987,
      2.5615620234536607,
      2.3816800792717756,
      2.5600000000000023,
      2.5895173295423244,
      2.418677324489567,
      2.2538855339169306,
      2.2755219181541646,
      2.158147353634596,
      2.2457960726655504,
      2.3954122818421073,
      2.499919998719961,
      2.3610167301397955,
      2.3735205918634894,
      2.3735205918634894,
      2.257432169523596,
      2.20581050863396,
      2.2846443924602378,
      2.3320377355437474,
      2.3423065555131783,
      2.4169402144033287,
      2.400083331886626,
      2.3823517792299294,
      2.435159132377186,
      2.4315427201675917,
      2.4347484469653145,
      2.382939361377039,
      2.3984161440417315,
      2.3795797948377375,
      2.3900627606822398,
      2.3576259245266225,
      2.3667699507979245,
      2.4507957891264645,
      2.4173539252662217,
      2.482015310186464,
      2.3917357713593717,
      2.4593495074917695,
      2.4903814968795466,
      2.430226326908671,
      2.363810483097156,
      2.259291924475456,
      2.277191252398447,
      2.3017384734152593,
      2.4013329631685836,
      2.29991304183441,
      2.420247921184937,
      2.37865508218405,
      2.2859571299567296
    ]
  },
  "conceptor_examples": {
    "n_examples": [
      20,
      30,
      40,
      50,
      100,
      150,
      200,
      250,
      300,
      350,
      400,
      450,
      500,
      550,
      600,
      650,
      700,
      750,
      800,
      850,
      900,
      950,
      1000,
      1050,
      1100,
      1150,
      1200,
      1250,
      1300,
      1350,
      1400,
      1450,
      1500,
      1550,
      1600,
      1650,
      1700,
      1750,
      1800,
      1850,
      1900,
      1950,
      2000,
      2050,
      2100,
      2150,
      2200,
      2250,
      2300,
      2350,
      2400,
      2450,
      2500,
      2550,
      2600,
      2650,
      2700,
      2750,
      2800,
      2850,
      2900,
      2950,
      3000
    ],
    "means": [
      68.16,
      70.32000000000001,
      72.57999999999998,
      73.25999999999999,
      75.05999999999999,
      75.62,
      76.56,
      76.5,
      77.3,
      77.66,
      77.69999999999999,
      77.75999999999999,
      77.74,
      77.84,
      78.03999999999999,
      77.94,
      78.03498997995992,
      78.06,
      77.82,
      77.74,
      77.52,
      77.78,
      77.76,
      77.56,
      77.47999999999999,
      77.44,
      77.46,
      77.52,
      77.53999999999999,
      77.46000000000001,
      77.54,
      77.4,
      77.4,
      77.44,
      77.53999999999999,
      77.62,
      77.68,
      77.5,
      77.4,
      77.36000000000001,
      77.54,
      77.48,
      77.66000000000001,
      77.56,
      77.48,
      77.52000000000001,
      77.6,
      77.60000000000001,
      77.60000000000001,
      77.60000000000001,
      77.52,
      77.72,
      77.64,
      77.66,
      77.72,
      77.66,
      77.62,
      77.66,
      77.66,
      77.86000000000001,
      77.88000000000001,
      77.92,
      77.86
    ],
    "stds": [
      4.631889463275219,
      4.352654362570039,
      3.56589399730278,
      3.0279365911458584,
      2.849631555131297,
      2.560390595202226,
      3.0929597475557324,
      2.425283488584378,
      2.583408601054042,
      2.8608390377649693,
      2.609597670139978,
      2.4944738924270187,
      2.4166919538906897,
      2.285257097133712,
      2.248199279423423,
      2.310064934152285,
      2.1847395324273573,
      2.289191997190275,
      2.28814335215257,
      2.248644035858055,
      2.1747643550509097,
      2.236872817126624,
      2.3829393613770367,
      2.354230235129946,
      2.2310535627814945,
      2.4377038376308144,
      2.3290341345716685,
      2.393658288060349,
      2.502878343028283,
      2.3800000000000003,
      2.486845391253747,
      2.465765601187591,
      2.3392306427541514,
      2.411306699696246,
      2.5012796724876654,
      2.5003199795226214,
      2.5095019426173018,
      2.272003521124034,
      2.4182638400306966,
      2.295735176365079,
      2.205538483001374,
      2.2595574787997776,
      2.289191997190277,
      2.194174104304396,
      2.1451340284467095,
      2.1637005338077633,
      2.1945386758952323,
      2.2144976857066254,
      2.1279097725232616,
      2.196360626126775,
      2.2577865266672137,
      2.1581473536345936,
      2.1923503369671553,
      2.135509306933594,
      2.259557478799776,
      2.2450835173774717,
      2.226117696798622,
      2.189155088156159,
      2.2000909072126995,
      2.1578693194908722,
      2.2630952255705017,
      2.256014184352572,
      2.2181974664127626
    ]
  }
}