{
  "model": {
    "name": "EleutherAI-gpt-neo-1.3B",
    "dataset_seed": 12345
  },
  "experiment": {
    "type": "conceptor_aperture",
    "module": "transformer.h.22.ln_2"
  },
  "metrics": {
    "validation_scores": {
      "1e-05": 0.756,
      "5e-05": 0.756,
      "0.0001": 0.756,
      "0.0005": 0.756,
      "0.001": 0.756,
      "0.005": 0.762,
      "0.01": 0.766,
      "0.05": 0.78,
      "0.1": 0.79,
      "0.5": 0.784,
      "1.0": 0.762,
      "5.0": 0.7069672131147541,
      "10.0": 0.7057356608478803,
      "50.0": 0.5139318885448917,
      "100.0": 0.43790849673202614,
      "500.0": 0.5323741007194245,
      "1000.0": 0.46473029045643155,
      "5000.0": 0.4820717131474104,
      "10000.0": 0.4779116465863454
    },
    "training_scores": {},
    "test_scores": {}
  },
  "parameters": {
    "n_examples": [
      5,
      10,
      20,
      30,
      40,
      50,
      100,
      150,
      200,
      250,
      300,
      350,
      400,
      450,
      500,
      550,
      600,
      650,
      700,
      750,
      800,
      850,
      900,
      950,
      1000,
      1050,
      1100,
      1150,
      1200,
      1250,
      1300,
      1350,
      1400,
      1450,
      1500,
      1550,
      1600,
      1650,
      1700,
      1750,
      1800,
      1850,
      1900,
      1950,
      2000,
      2050,
      2100,
      2150,
      2200,
      2250,
      2300,
      2350,
      2400,
      2450,
      2500,
      2550,
      2600,
      2650,
      2700,
      2750,
      2800,
      2850,
      2900,
      2950,
      3000
    ],
    "module_name": "transformer.h.22.ln_2"
  }
}