{
  "model": {
    "name": "EleutherAI-gpt-neo-125M",
    "dataset_seed": 7
  },
  "experiment": {
    "type": "conceptor_aperture",
    "module": "transformer.h.11.ln_2"
  },
  "metrics": {
    "validation_scores": {
      "1e-05": 0.68,
      "5e-05": 0.68,
      "0.0001": 0.68,
      "0.0005": 0.684,
      "0.001": 0.7,
      "0.005": 0.748,
      "0.01": 0.762,
      "0.05": 0.772,
      "0.1": 0.754,
      "0.5": 0.752,
      "1.0": 0.7434869739478958,
      "5.0": 0.5718015665796344,
      "10.0": 0.4940828402366864,
      "50.0": 0.5050167224080268,
      "100.0": 0.493006993006993,
      "500.0": 0.5037037037037037,
      "1000.0": 0.5126353790613718,
      "5000.0": 0.5381679389312977,
      "10000.0": 0.5173745173745173
    },
    "training_scores": {},
    "test_scores": {}
  },
  "parameters": {
    "n_examples": [
      3000
    ],
    "module_name": "transformer.h.11.ln_2"
  }
}