{
  "model": {
    "name": "EleutherAI-gpt-neo-1.3B",
    "dataset_seed": 7
  },
  "experiment": {
    "type": "conceptor_aperture",
    "module": "transformer.h.23.ln_1"
  },
  "metrics": {
    "validation_scores": {
      "1e-05": 0.784,
      "5e-05": 0.784,
      "0.0001": 0.784,
      "0.0005": 0.784,
      "0.001": 0.784,
      "0.005": 0.798,
      "0.01": 0.818,
      "0.05": 0.826,
      "0.1": 0.822,
      "0.5": 0.802,
      "1.0": 0.8016032064128257,
      "5.0": 0.7241379310344828,
      "10.0": 0.722488038277512,
      "50.0": 0.4774193548387097,
      "100.0": 0.511326860841424,
      "500.0": 0.4395973154362416,
      "1000.0": 0.4882154882154882,
      "5000.0": 0.5162337662337663,
      "10000.0": 0.5175718849840255
    },
    "training_scores": {},
    "test_scores": {}
  },
  "parameters": {
    "n_examples": [
      3000
    ],
    "module_name": "transformer.h.23.ln_1"
  }
}