{
  "model": {
    "name": "EleutherAI-gpt-neo-2.7B",
    "dataset_seed": 42
  },
  "experiment": {
    "type": "conceptor_aperture",
    "module": "transformer.h.31.ln_1"
  },
  "metrics": {
    "validation_scores": {
      "1e-05": 0.77,
      "5e-05": 0.77,
      "0.0001": 0.77,
      "0.0005": 0.768,
      "0.001": 0.77,
      "0.005": 0.786,
      "0.01": 0.802,
      "0.05": 0.806,
      "0.1": 0.812,
      "0.5": 0.816,
      "1.0": 0.806,
      "5.0": 0.718,
      "10.0": 0.6740890688259109,
      "50.0": 0.5258358662613982,
      "100.0": 0.5099337748344371,
      "500.0": 0.524822695035461,
      "1000.0": 0.4838709677419355,
      "5000.0": 0.46153846153846156,
      "10000.0": 0.4724137931034483
    },
    "training_scores": {},
    "test_scores": {}
  },
  "parameters": {
    "n_examples": [
      3000
    ],
    "module_name": "transformer.h.31.ln_1"
  }
}