{
  "model": {
    "name": "EleutherAI-gpt-neo-1.3B",
    "dataset_seed": 42
  },
  "experiment": {
    "type": "conceptor_aperture",
    "module": "transformer.h.23.ln_2"
  },
  "metrics": {
    "validation_scores": {
      "1e-05": 0.772,
      "5e-05": 0.772,
      "0.0001": 0.772,
      "0.0005": 0.778,
      "0.001": 0.784,
      "0.005": 0.796,
      "0.01": 0.806,
      "0.05": 0.796,
      "0.1": 0.796,
      "0.5": 0.788,
      "1.0": 0.768,
      "5.0": 0.7433264887063655,
      "10.0": 0.7053364269141531,
      "50.0": 0.47634069400630913,
      "100.0": 0.5095541401273885,
      "500.0": 0.5137931034482759,
      "1000.0": 0.5147058823529411
    },
    "training_scores": {},
    "test_scores": {}
  },
  "parameters": {
    "n_examples": [
      3000
    ],
    "module_name": "transformer.h.23.ln_2"
  }
}