{
  "model": {
    "name": "EleutherAI-gpt-neo-125M",
    "dataset_seed": 7
  },
  "experiment": {
    "type": "conceptor_confusion_matrix",
    "module": "transformer.h.10.mlp"
  },
  "metrics": {
    "validation_scores": {},
    "training_scores": {},
    "test_scores": {},
    "TP": 207,
    "FP": 76,
    "TN": 174,
    "FN": 43,
    "accuracy": 0.762,
    "precision": 0.7314487632508834,
    "recall": 0.828,
    "f1_score": 0.7767354596622889
  },
  "parameters": {
    "aperture": [
      7.5,
      7.0
    ],
    "module_name": "transformer.h.10.mlp",
    "model_name": "EleutherAI-gpt-neo-125M",
    "n_examples": [
      5,
      10,
      20,
      30,
      40,
      50,
      100,
      150,
      200,
      250,
      300,
      350,
      400,
      450,
      500,
      550,
      600,
      650,
      700,
      750,
      800,
      850,
      900,
      950,
      1000,
      1050,
      1100,
      1150,
      1200,
      1250,
      1300,
      1350,
      1400,
      1450,
      1500,
      1550,
      1600,
      1650,
      1700,
      1750,
      1800,
      1850,
      1900,
      1950,
      2000,
      2050,
      2100,
      2150,
      2200,
      2250,
      2300,
      2350,
      2400,
      2450,
      2500,
      2550,
      2600,
      2650,
      2700,
      2750,
      2800,
      2850,
      2900,
      2950,
      3000
    ]
  }
}