{
  "model": {
    "name": "EleutherAI-gpt-neo-1.3B",
    "dataset_seed": 8675309
  },
  "experiment": {
    "type": "conceptor_aperture",
    "module": "transformer.h.23.ln_2"
  },
  "metrics": {
    "validation_scores": {
      "1e-05": 0.806,
      "5e-05": 0.806,
      "0.0001": 0.806,
      "0.0005": 0.808,
      "0.001": 0.808,
      "0.005": 0.822,
      "0.01": 0.83,
      "0.05": 0.832,
      "0.1": 0.81,
      "0.5": 0.8,
      "1.0": 0.812,
      "5.0": 0.763265306122449,
      "10.0": 0.7289293849658315,
      "50.0": 0.5112359550561798,
      "100.0": 0.48184818481848185,
      "500.0": 0.4755700325732899,
      "1000.0": 0.4791666666666667,
      "5000.0": 0.4930555555555556,
      "10000.0": 0.49825783972125437
    },
    "training_scores": {},
    "test_scores": {}
  },
  "parameters": {
    "n_examples": [
      3000
    ],
    "module_name": "transformer.h.23.ln_2"
  }
}