{
  "conceptor": {
    "EleutherAI-gpt-neo-1.3B": {
      "accuracy": 0.7806,
      "precision": 0.7959766116889516,
      "recall": 0.7552000000000001,
      "f1_score": 0.774724669277747,
      "TP": 188.8,
      "FP": 48.5,
      "TN": 201.5,
      "FN": 61.2
    },
    "EleutherAI-gpt-neo-125M": {
      "accuracy": 0.7522,
      "precision": 0.7753636427268132,
      "recall": 0.7168,
      "f1_score": 0.7422793660406187,
      "TP": 179.2,
      "FP": 53.1,
      "TN": 196.9,
      "FN": 70.8
    },
    "EleutherAI-gpt-neo-2.7B": {
      "accuracy": 0.7844,
      "precision": 0.8051896341757582,
      "recall": 0.7504,
      "f1_score": 0.776751179067942,
      "TP": 187.6,
      "FP": 45.4,
      "TN": 204.6,
      "FN": 62.4
    }
  },
  "mean_activations": {
    "EleutherAI-gpt-neo-1.3B": {
      "accuracy": 0.7674000000000001,
      "precision": 0.7889285123360963,
      "recall": 0.7299999999999999,
      "f1_score": 0.7580420982448131,
      "TP": 182.5,
      "FP": 48.8,
      "TN": 201.2,
      "FN": 67.5
    },
    "EleutherAI-gpt-neo-125M": {
      "accuracy": 0.749,
      "precision": 0.7490925050329842,
      "recall": 0.7492,
      "f1_score": 0.7489619296091259,
      "TP": 187.3,
      "FP": 62.8,
      "TN": 187.2,
      "FN": 62.7
    },
    "EleutherAI-gpt-neo-2.7B": {
      "accuracy": 0.7788,
      "precision": 0.7940472545664153,
      "recall": 0.7532,
      "f1_score": 0.7729147724945653,
      "TP": 188.3,
      "FP": 48.9,
      "TN": 201.1,
      "FN": 61.7
    }
  }
}