{
  "EleutherAI-gpt-neo-125M": {
    "conceptor": {
      "n_examples": 2800,
      "accuracy": {
        "mean": 0.7527999999999999,
        "std": 0.01889338508579129,
        "count": 10,
        "values": [
          0.74,
          0.754,
          0.75,
          0.726,
          0.762,
          0.776,
          0.734,
          0.77,
          0.732,
          0.784
        ]
      },
      "precision": {
        "mean": 0.77497646402792,
        "std": 0.03907297040047153,
        "count": 10,
        "values": [
          0.7752293577981652,
          0.7822222222222223,
          0.8109452736318408,
          0.7364016736401674,
          0.7298245614035088,
          0.8053097345132744,
          0.696969696969697,
          0.8199052132701422,
          0.7815533980582524,
          0.8114035087719298
        ]
      },
      "recall": {
        "mean": 0.72,
        "std": 0.06189022539949259,
        "count": 10,
        "values": [
          0.676,
          0.704,
          0.652,
          0.704,
          0.832,
          0.728,
          0.828,
          0.692,
          0.644,
          0.74
        ]
      },
      "f1_score": {
        "mean": 0.7435822171402998,
        "std": 0.023692911322328265,
        "count": 10,
        "values": [
          0.7222222222222223,
          0.7410526315789474,
          0.7228381374722839,
          0.7198364008179959,
          0.777570093457944,
          0.7647058823529412,
          0.7568555758683729,
          0.7505422993492408,
          0.706140350877193,
          0.7740585774058577
        ]
      }
    },
    "mean_activations": {
      "n_examples": 2800,
      "accuracy": {
        "mean": 0.7487999999999999,
        "std": 0.02371834732859777,
        "count": 10,
        "values": [
          0.764,
          0.752,
          0.766,
          0.738,
          0.736,
          0.774,
          0.712,
          0.726,
          0.728,
          0.792
        ]
      },
      "precision": {
        "mean": 0.7494007385944267,
        "std": 0.02446767352259009,
        "count": 10,
        "values": [
          0.7727272727272727,
          0.7540322580645161,
          0.7736625514403292,
          0.7245283018867924,
          0.7418032786885246,
          0.7773279352226721,
          0.7208333333333333,
          0.7181467181467182,
          0.728,
          0.7829457364341085
        ]
      },
      "recall": {
        "mean": 0.748,
        "std": 0.029230121450312202,
        "count": 10,
        "values": [
          0.748,
          0.748,
          0.752,
          0.768,
          0.724,
          0.768,
          0.692,
          0.744,
          0.728,
          0.808
        ]
      },
      "f1_score": {
        "mean": 0.7485147340838936,
        "std": 0.02428274297151657,
        "count": 10,
        "values": [
          0.7601626016260162,
          0.7510040160642569,
          0.7626774847870184,
          0.745631067961165,
          0.7327935222672065,
          0.7726358148893361,
          0.7061224489795918,
          0.730844793713163,
          0.728,
          0.7952755905511811
        ]
      }
    }
  },
  "EleutherAI-gpt-neo-1.3B": {
    "conceptor": {
      "n_examples": 750,
      "accuracy": {
        "mean": 0.7806,
        "std": 0.02289191997190275,
        "count": 10,
        "values": [
          0.77,
          0.784,
          0.806,
          0.752,
          0.784,
          0.8,
          0.776,
          0.75,
          0.76,
          0.824
        ]
      },
      "precision": {
        "mean": 0.7959766116889516,
        "std": 0.02576342195741383,
        "count": 10,
        "values": [
          0.7689243027888446,
          0.7958333333333333,
          0.8174273858921162,
          0.7625,
          0.8008474576271186,
          0.7952755905511811,
          0.8,
          0.7682403433476395,
          0.7954545454545454,
          0.8552631578947368
        ]
      },
      "recall": {
        "mean": 0.7552000000000001,
        "std": 0.03213969508256109,
        "count": 10,
        "values": [
          0.772,
          0.764,
          0.788,
          0.732,
          0.756,
          0.808,
          0.736,
          0.716,
          0.7,
          0.78
        ]
      },
      "f1_score": {
        "mean": 0.774724669277747,
        "std": 0.02469819330281618,
        "count": 10,
        "values": [
          0.7704590818363274,
          0.7795918367346939,
          0.8024439918533605,
          0.746938775510204,
          0.7777777777777777,
          0.8015873015873016,
          0.7666666666666666,
          0.7412008281573498,
          0.7446808510638298,
          0.8158995815899581
        ]
      }
    },
    "mean_activations": {
      "n_examples": 750,
      "accuracy": {
        "mean": 0.7674000000000001,
        "std": 0.023816800792717755,
        "count": 10,
        "values": [
          0.782,
          0.788,
          0.782,
          0.75,
          0.758,
          0.788,
          0.726,
          0.758,
          0.738,
          0.804
        ]
      },
      "precision": {
        "mean": 0.7889285123360963,
        "std": 0.022249153464086666,
        "count": 10,
        "values": [
          0.8,
          0.8,
          0.8051948051948052,
          0.7551020408163265,
          0.7721518987341772,
          0.8076923076923077,
          0.7652582159624414,
          0.7918552036199095,
          0.7644444444444445,
          0.8275862068965517
        ]
      },
      "recall": {
        "mean": 0.7299999999999999,
        "std": 0.036188395930187356,
        "count": 10,
        "values": [
          0.752,
          0.768,
          0.744,
          0.74,
          0.732,
          0.756,
          0.652,
          0.7,
          0.688,
          0.768
        ]
      },
      "f1_score": {
        "mean": 0.7580420982448131,
        "std": 0.027639871312748844,
        "count": 10,
        "values": [
          0.7752577319587629,
          0.7836734693877552,
          0.7733887733887734,
          0.7474747474747474,
          0.7515400410677618,
          0.7809917355371901,
          0.7041036717062635,
          0.7430997876857748,
          0.7242105263157894,
          0.7966804979253111
        ]
      }
    }
  },
  "EleutherAI-gpt-neo-2.7B": {
    "conceptor": {
      "n_examples": 2100,
      "accuracy": {
        "mean": 0.7844,
        "std": 0.020838426044209768,
        "count": 10,
        "values": [
          0.766,
          0.812,
          0.76,
          0.772,
          0.79,
          0.794,
          0.768,
          0.79,
          0.766,
          0.826
        ]
      },
      "precision": {
        "mean": 0.8051896341757582,
        "std": 0.022025455345952613,
        "count": 10,
        "values": [
          0.7854077253218884,
          0.8277310924369747,
          0.7850877192982456,
          0.7833333333333333,
          0.8222222222222222,
          0.8075313807531381,
          0.7863247863247863,
          0.8165938864628821,
          0.7878787878787878,
          0.8497854077253219
        ]
      },
      "recall": {
        "mean": 0.7504,
        "std": 0.024409834083827794,
        "count": 10,
        "values": [
          0.732,
          0.788,
          0.716,
          0.752,
          0.74,
          0.772,
          0.736,
          0.748,
          0.728,
          0.792
        ]
      },
      "f1_score": {
        "mean": 0.776751179067942,
        "std": 0.022065863372453982,
        "count": 10,
        "values": [
          0.7577639751552796,
          0.8073770491803279,
          0.7489539748953975,
          0.7673469387755101,
          0.7789473684210526,
          0.7893660531697343,
          0.7603305785123966,
          0.7807933194154488,
          0.7567567567567567,
          0.8198757763975154
        ]
      }
    },
    "mean_activations": {
      "n_examples": 2100,