{
  "model": {
    "name": "EleutherAI-gpt-neo-125M",
    "dataset_seed": 31415
  },
  "experiment": {
    "type": "conceptor_aperture",
    "module": "transformer.h.11.ln_2"
  },
  "metrics": {
    "validation_scores": {
      "1e-05": 0.656,
      "5e-05": 0.656,
      "0.0001": 0.656,
      "0.0005": 0.658,
      "0.001": 0.672,
      "0.005": 0.752,
      "0.01": 0.776,
      "0.05": 0.766,
      "0.1": 0.746,
      "0.5": 0.754,
      "1.0": 0.7635270541082164,
      "5.0": 0.578125,
      "10.0": 0.5211267605633803,
      "50.0": 0.49851632047477745,
      "100.0": 0.45819397993311034,
      "500.0": 0.4964788732394366,
      "1000.0": 0.49640287769784175
    },
    "training_scores": {},
    "test_scores": {}
  },
  "parameters": {
    "n_examples": [
      5,
      10,
      20,
      30,
      40,
      50,
      100,
      150,
      200,
      250,
      300,
      350,
      400,
      450,
      500,
      550,
      600,
      650,
      700,
      750,
      800,
      850,
      900,
      950,
      1000,
      1050,
      1100,
      1150,
      1200,
      1250,
      1300,
      1350,
      1400,
      1450,
      1500,
      1550,
      1600,
      1650,
      1700,
      1750,
      1800,
      1850,
      1900,
      1950,
      2000,
      2050,
      2100,
      2150,
      2200,
      2250,
      2300,
      2350,
      2400,
      2450,
      2500,
      2550,
      2600,
      2650,
      2700,
      2750,
      2800,
      2850,
      2900,
      2950,
      3000
    ],
    "module_name": "transformer.h.11.ln_2"
  }
}