{
  "model": {
    "name": "EleutherAI-gpt-neo-1.3B",
    "dataset_seed": 1337
  },
  "experiment": {
    "type": "conceptor_aperture",
    "module": "transformer.h.23.ln_2"
  },
  "metrics": {
    "validation_scores": {
      "1e-05": 0.76,
      "5e-05": 0.76,
      "0.0001": 0.76,
      "0.0005": 0.76,
      "0.001": 0.76,
      "0.005": 0.794,
      "0.01": 0.81,
      "0.05": 0.802,
      "0.1": 0.8,
      "0.5": 0.806,
      "1.0": 0.778,
      "5.0": 0.7258064516129032,
      "10.0": 0.6689814814814815,
      "50.0": 0.4757834757834758,
      "100.0": 0.5015384615384615,
      "500.0": 0.5155709342560554,
      "1000.0": 0.5436241610738255,
      "5000.0": 0.5035714285714286,
      "10000.0": 0.49097472924187724
    },
    "training_scores": {},
    "test_scores": {}
  },
  "parameters": {
    "n_examples": [
      3000
    ],
    "module_name": "transformer.h.23.ln_2"
  }
}