{
  "transformer.h.2.ln_1": {
    "mean": 0.6545310621242485,
    "std": 0.015384724431211446,
    "count": 10
  },
  "transformer.h.2.attn": {
    "mean": 0.6561999999999999,
    "std": 0.015217095649301822,
    "count": 10
  },
  "transformer.h.2.ln_2": {
    "mean": 0.672535871743487,
    "std": 0.017039011523652333,
    "count": 10
  },
  "transformer.h.2.mlp": {
    "mean": 0.663,
    "std": 0.020203960007879638,
    "count": 10
  },
  "transformer.h.6.ln_1": {
    "mean": 0.6571298597194389,
    "std": 0.021457266763749174,
    "count": 10
  },
  "transformer.h.6.attn": {
    "mean": 0.6646,
    "std": 0.023648255749631926,
    "count": 10
  },
  "transformer.h.6.ln_2": {
    "mean": 0.6639999999999999,
    "std": 0.020765355763867854,
    "count": 10
  },
  "transformer.h.6.mlp": {
    "mean": 0.705,
    "std": 0.02490381496879543,
    "count": 10
  },
  "transformer.h.10.ln_1": {
    "mean": 0.6965999999999999,
    "std": 0.02721837614553812,
    "count": 10
  },
  "transformer.h.10.attn": {
    "mean": 0.6864000000000001,
    "std": 0.02437703837630812,
    "count": 10
  },
  "transformer.h.10.ln_2": {
    "mean": 0.6963999999999999,
    "std": 0.03214716161654087,
    "count": 10
  },
  "transformer.h.10.mlp": {
    "mean": 0.6916,
    "std": 0.025168233946782973,
    "count": 10
  },
  "transformer.h.14.ln_1": {
    "mean": 0.718,
    "std": 0.022485550916088313,
    "count": 10
  },
  "transformer.h.14.attn": {
    "mean": 0.7043999999999999,
    "std": 0.0249286983214126,
    "count": 10
  },
  "transformer.h.14.ln_2": {
    "mean": 0.7342,
    "std": 0.02474590875276156,
    "count": 10
  },
  "transformer.h.14.mlp": {
    "mean": 0.7329999999999999,
    "std": 0.025412595302329928,
    "count": 10
  },
  "transformer.h.18.ln_1": {
    "mean": 0.7457999999999999,
    "std": 0.025130857526156986,
    "count": 10
  },
  "transformer.h.18.attn": {
    "mean": 0.7405999999999999,
    "std": 0.024000833318866262,
    "count": 10
  },
  "transformer.h.18.ln_2": {
    "mean": 0.745553106212425,
    "std": 0.02575939682354292,
    "count": 10
  },
  "transformer.h.18.mlp": {
    "mean": 0.7466,
    "std": 0.024932709439609665,
    "count": 10
  },
  "transformer.h.22.ln_1": {
    "mean": 0.7622000000000001,
    "std": 0.02140000000000002,
    "count": 10
  },
  "transformer.h.22.attn": {
    "mean": 0.7534000000000001,
    "std": 0.022307846153315675,
    "count": 10
  },
  "transformer.h.22.ln_2": {
    "mean": 0.76374749498998,
    "std": 0.021501024847707374,
    "count": 10
  },
  "transformer.h.22.mlp": {
    "mean": 0.7558,
    "std": 0.022171152428324535,
    "count": 10
  },
  "transformer.h.26.ln_1": {
    "mean": 0.7738,
    "std": 0.018252671037412595,
    "count": 10
  },
  "transformer.h.26.attn": {
    "mean": 0.7658,
    "std": 0.024955159787106152,
    "count": 10
  },
  "transformer.h.26.ln_2": {
    "mean": 0.7762,
    "std": 0.01816480112745528,
    "count": 10
  },
  "transformer.h.26.mlp": {
    "mean": 0.7676000000000001,
    "std": 0.023165491576912434,
    "count": 10
  },
  "transformer.h.27.ln_1": {
    "mean": 0.7777999999999999,
    "std": 0.01643045951883271,
    "count": 10
  },
  "transformer.h.27.attn": {
    "mean": 0.77,
    "std": 0.02264508776754908,
    "count": 10
  },
  "transformer.h.27.ln_2": {
    "mean": 0.779,
    "std": 0.017532826355154508,
    "count": 10
  },
  "transformer.h.27.mlp": {
    "mean": 0.774,
    "std": 0.02157776633481788,
    "count": 10
  },
  "transformer.h.28.ln_1": {
    "mean": 0.7792,
    "std": 0.02101808744867144,
    "count": 10
  },
  "transformer.h.28.attn": {
    "mean": 0.7704,
    "std": 0.021905250512148904,
    "count": 10
  },
  "transformer.h.28.ln_2": {
    "mean": 0.781,
    "std": 0.01980403999188044,
    "count": 10
  },
  "transformer.h.28.mlp": {
    "mean": 0.7764,
    "std": 0.022032702966272653,
    "count": 10
  },
  "transformer.h.29.ln_1": {
    "mean": 0.7812,
    "std": 0.021131966306995664,
    "count": 10
  },
  "transformer.h.29.attn": {
    "mean": 0.773,
    "std": 0.021132912719263302,
    "count": 10
  },
  "transformer.h.29.ln_2": {
    "mean": 0.782,
    "std": 0.02135415650406262,
    "count": 10
  },
  "transformer.h.29.mlp": {
    "mean": 0.7764,
    "std": 0.024703036250631215,
    "count": 10
  },
  "transformer.h.30.ln_1": {
    "mean": 0.7816,
    "std": 0.020645580640902304,
    "count": 10
  },
  "transformer.h.30.attn": {
    "mean": 0.7712,
    "std": 0.021839413911549935,
    "count": 10
  },
  "transformer.h.30.ln_2": {
    "mean": 0.7836000000000001,
    "std": 0.02041176131547692,
    "count": 10
  },
  "transformer.h.30.mlp": {
    "mean": 0.7716,
    "std": 0.021905250512148925,
    "count": 10
  },
  "transformer.h.31.ln_1": {
    "mean": 0.7842,
    "std": 0.022153103620034822,
    "count": 10
  },
  "transformer.h.31.attn": {
    "mean": 0.7586,
    "std": 0.01795661438022214,
    "count": 10
  },
  "transformer.h.31.ln_2": {
    "mean": 0.792,
    "std": 0.01761817243643619,
    "count": 10
  },
  "transformer.h.31.mlp": {
    "mean": 0.7556,
    "std": 0.022339203208709146,
    "count": 10
  }
}