{
  "EleutherAI-gpt-neo-2.7B": {
    "mean_activations_examples": {
      "best_n_examples": 2950,
      "mean_accuracy": 0.7809999999999999,
      "mean_precision": 0.79636314552939,
      "mean_recall": 0.7556,
      "mean_f1_score": 0.7752907334387724
    },
    "conceptor_examples": {
      "best_n_examples": 750,
      "mean_accuracy": 0.7817999999999999,
      "mean_precision": 0.7924713844094019,
      "mean_recall": 0.7644,
      "mean_f1_score": 0.7778995347468637
    }
  }
}