{
  "model": {
    "name": "EleutherAI-gpt-neo-125M",
    "dataset_seed": 8675309
  },
  "experiment": {
    "type": "conceptor_aperture",
    "module": "transformer.h.10.ln_1"
  },
  "metrics": {
    "validation_scores": {
      "1e-05": 0.716,
      "5e-05": 0.716,
      "0.0001": 0.716,
      "0.0005": 0.716,
      "0.001": 0.718,
      "0.005": 0.738,
      "0.01": 0.77,
      "0.05": 0.788,
      "0.1": 0.784,
      "0.5": 0.774,
      "1.0": 0.7737373737373737,
      "5.0": 0.658974358974359,
      "10.0": 0.5260115606936416,
      "50.0": 0.49050632911392406,
      "100.0": 0.5389830508474577,
      "500.0": 0.5567010309278351,
      "1000.0": 0.48905109489051096
    },
    "training_scores": {},
    "test_scores": {}
  },
  "parameters": {
    "n_examples": [
      5,
      10,
      20,
      30,
      40,
      50,
      100,
      150,
      200,
      250,
      300,
      350,
      400,
      450,
      500,
      550,
      600,
      650,
      700,
      750,
      800,
      850,
      900,
      950,
      1000,
      1050,
      1100,
      1150,
      1200,
      1250,
      1300,
      1350,
      1400,
      1450,
      1500,
      1550,
      1600,
      1650,
      1700,
      1750,
      1800,
      1850,
      1900,
      1950,
      2000,
      2050,
      2100,
      2150,
      2200,
      2250,
      2300,
      2350,
      2400,
      2450,
      2500,
      2550,
      2600,
      2650,
      2700,
      2750,
      2800,
      2850,
      2900,
      2950,
      3000
    ],
    "module_name": "transformer.h.10.ln_1"
  }
}