{
  "model": {
    "name": "EleutherAI-gpt-neo-125M",
    "dataset_seed": 42
  },
  "experiment": {
    "type": "conceptor_aperture",
    "module": "transformer.h.11.ln_2"
  },
  "metrics": {
    "validation_scores": {
      "1e-05": 0.684,
      "5e-05": 0.684,
      "0.0001": 0.684,
      "0.0005": 0.684,
      "0.001": 0.692,
      "0.005": 0.75,
      "0.01": 0.778,
      "0.05": 0.792,
      "0.1": 0.78,
      "0.5": 0.779559118236473,
      "1.0": 0.764,
      "5.0": 0.5868421052631579,
      "10.0": 0.48985507246376814,
      "50.0": 0.5432835820895522,
      "100.0": 0.5036496350364964,
      "500.0": 0.5056179775280899,
      "1000.0": 0.5105633802816901,
      "5000.0": 0.532871972318339,
      "10000.0": 0.5314685314685315
    },
    "training_scores": {},
    "test_scores": {}
  },
  "parameters": {
    "n_examples": [
      3000
    ],
    "module_name": "transformer.h.11.ln_2"
  }
}