{
  "EleutherAI-gpt-neo-125M": {
    "mean_activations_examples": {
      "best_n_examples": 750,
      "mean_accuracy": 0.7491999999999999,
      "mean_precision": 0.7468138027561486,
      "mean_recall": 0.7548,
      "mean_f1_score": 0.7504715119287589
    },
    "conceptor_examples": {
      "best_n_examples": 2850,
      "mean_accuracy": 0.7623482965931864,
      "mean_precision": 0.8014843883451374,
      "mean_recall": 0.697473092369478,
      "mean_f1_score": 0.7455723075933924
    }
  },
  "EleutherAI-gpt-neo-1.3B": {
    "mean_activations_examples": {
      "best_n_examples": 2800,
      "mean_accuracy": 0.7736000000000001,
      "mean_precision": 0.7972761208830202,
      "mean_recall": 0.7336,
      "mean_f1_score": 0.7638908837277113
    },
    "conceptor_examples": {
      "best_n_examples": 750,
      "mean_accuracy": 0.7889999999999999,
      "mean_precision": 0.8024901192368693,
      "mean_recall": 0.7672000000000001,
      "mean_f1_score": 0.7841605480692058
    }
  },
  "EleutherAI-gpt-neo-2.7B": {
    "mean_activations_examples": {
      "best_n_examples": 2950,
      "mean_accuracy": 0.7809999999999999,
      "mean_precision": 0.79636314552939,
      "mean_recall": 0.7556,
      "mean_f1_score": 0.7752907334387724
    },
    "conceptor_examples": {
      "best_n_examples": 750,
      "mean_accuracy": 0.7817999999999999,
      "mean_precision": 0.7924713844094019,
      "mean_recall": 0.7644,
      "mean_f1_score": 0.7778995347468637
    }
  }
}