{
  "model": {
    "name": "EleutherAI-gpt-neo-2.7B",
    "dataset_seed": 1337
  },
  "experiment": {
    "type": "conceptor_aperture",
    "module": "transformer.h.31.ln_2"
  },
  "metrics": {
    "validation_scores": {
      "1e-05": 0.754,
      "5e-05": 0.754,
      "0.0001": 0.756,
      "0.0005": 0.754,
      "0.001": 0.756,
      "0.005": 0.796,
      "0.01": 0.822,
      "0.05": 0.808,
      "0.1": 0.81,
      "0.5": 0.804,
      "1.0": 0.78,
      "5.0": 0.7062374245472837,
      "10.0": 0.6763485477178424,
      "50.0": 0.4512820512820513,
      "100.0": 0.48360655737704916,
      "500.0": 0.4720496894409938,
      "1000.0": 0.4591194968553459,
      "5000.0": 0.4483870967741935,
      "10000.0": 0.4605263157894737
    },
    "training_scores": {},
    "test_scores": {}
  },
  "parameters": {
    "n_examples": [
      3000
    ],
    "module_name": "transformer.h.31.ln_2"
  }
}