{
  "model": {
    "name": "EleutherAI-gpt-neo-1.3B",
    "dataset_seed": 42
  },
  "experiment": {
    "type": "conceptor_aperture",
    "module": "transformer.h.23.ln_2"
  },
  "metrics": {
    "validation_scores": {
      "1e-05": 0.758,
      "5e-05": 0.758,
      "0.0001": 0.758,
      "0.0005": 0.758,
      "0.001": 0.762,
      "0.005": 0.792,
      "0.01": 0.83,
      "0.05": 0.834,
      "0.1": 0.826,
      "0.5": 0.802,
      "1.0": 0.778,
      "5.0": 0.7206477732793523,
      "10.0": 0.6959619952494062,
      "50.0": 0.46567164179104475,
      "100.0": 0.5398230088495575,
      "500.0": 0.46534653465346537,
      "1000.0": 0.43934426229508194,
      "5000.0": 0.45791245791245794,
      "10000.0": 0.4633333333333333
    },
    "training_scores": {},
    "test_scores": {}
  },
  "parameters": {
    "n_examples": [
      3000
    ],
    "module_name": "transformer.h.23.ln_2"
  }
}