{
  "model": {
    "name": "EleutherAI-gpt-neo-125M",
    "dataset_seed": 2024
  },
  "experiment": {
    "type": "conceptor_aperture",
    "module": "transformer.h.11.ln_2"
  },
  "metrics": {
    "validation_scores": {
      "0.025": 0.778,
      "0.03": 0.784,
      "0.035": 0.788,
      "0.04": 0.788,
      "0.045": 0.788,
      "0.05": 0.788,
      "0.055": 0.786,
      "0.06": 0.784,
      "0.065": 0.784,
      "0.07": 0.786,
      "0.075": 0.788,
      "0.25": 0.788,
      "0.3": 0.792,
      "0.35": 0.792,
      "0.4": 0.788,
      "0.45": 0.79,
      "0.5": 0.788,
      "0.55": 0.79,
      "0.6": 0.7835671342685371,
      "0.65": 0.7775551102204409,
      "0.7": 0.7775551102204409,
      "0.75": 0.7695390781563126
    },
    "training_scores": {},
    "test_scores": {}
  },
  "parameters": {
    "n_examples": [
      5,
      10,
      20,
      30,
      40,
      50,
      100,
      150,
      200,
      250,
      300,
      350,
      400,
      450,
      500,
      550,
      600,
      650,
      700,
      750,
      800,
      850,
      900,
      950,
      1000,
      1050,
      1100,
      1150,
      1200,
      1250,
      1300,
      1350,
      1400,
      1450,
      1500,
      1550,
      1600,
      1650,
      1700,
      1750,
      1800,
      1850,
      1900,
      1950,
      2000,
      2050,
      2100,
      2150,
      2200,
      2250,
      2300,
      2350,
      2400,
      2450,
      2500,
      2550,
      2600,
      2650,
      2700,
      2750,
      2800,
      2850,
      2900,
      2950,
      3000
    ],
    "module_name": "transformer.h.11.ln_2"
  }
}