{
  "model": {
    "name": "EleutherAI-gpt-neo-2.7B",
    "dataset_seed": 42
  },
  "experiment": {
    "type": "conceptor_aperture",
    "module": "transformer.h.31.ln_1"
  },
  "metrics": {
    "validation_scores": {
      "1e-05": 0.748,
      "5e-05": 0.748,
      "0.0001": 0.748,
      "0.0005": 0.75,
      "0.001": 0.76,
      "0.005": 0.79,
      "0.01": 0.826,
      "0.05": 0.822,
      "0.1": 0.816,
      "0.5": 0.81,
      "1.0": 0.8,
      "5.0": 0.7374749498997996,
      "10.0": 0.6975806451612904,
      "50.0": 0.5722713864306784,
      "100.0": 0.5343283582089552,
      "500.0": 0.4738562091503268,
      "1000.0": 0.5436893203883495,
      "5000.0": 0.5100671140939598,
      "10000.0": 0.48398576512455516
    },
    "training_scores": {},
    "test_scores": {}
  },
  "parameters": {
    "n_examples": [
      3000
    ],
    "module_name": "transformer.h.31.ln_1"
  }
}