{
  "model": {
    "name": "EleutherAI-gpt-neo-2.7B",
    "dataset_seed": 42
  },
  "experiment": {
    "type": "conceptor_aperture",
    "module": "transformer.h.2.ln_1"
  },
  "metrics": {
    "validation_scores": {
      "0.005": 0.627254509018036,
      "0.0055": 0.628,
      "0.006": 0.628,
      "0.0065": 0.628,
      "0.007": 0.626,
      "0.0075": 0.626,
      "0.008": 0.627254509018036,
      "0.0085": 0.628,
      "0.009": 0.63,
      "0.0095": 0.628,
      "0.01": 0.6312625250501002,
      "0.0105": 0.6312625250501002,
      "0.011": 0.63,
      "0.0115": 0.632,
      "0.012": 0.6325301204819277,
      "0.0125": 0.6332665330661322,
      "0.013": 0.632,
      "0.0135": 0.6332665330661322,
      "0.014": 0.634,
      "0.0145": 0.634,
      "0.015": 0.632,
      "0.0155": 0.634,
      "0.016": 0.634,
      "0.0165": 0.634,
      "0.017": 0.634,
      "0.0175": 0.632,
      "0.018": 0.632,
      "0.0185": 0.634,
      "0.019": 0.632,
      "0.0195": 0.632,
      "0.02": 0.63,
      "0.0205": 0.632,
      "0.021": 0.632,
      "0.0215": 0.632,
      "0.022": 0.632,
      "0.0225": 0.636,
      "0.023": 0.6352705410821643,
      "0.0235": 0.638,
      "0.024": 0.64,
      "0.0245": 0.642,
      "0.025": 0.644,
      "0.0255": 0.642570281124498,
      "0.026": 0.644,
      "0.0265": 0.646,
      "0.027": 0.648,
      "0.0275": 0.65,
      "0.028": 0.6513026052104208,
      "0.0285": 0.6533066132264529,
      "0.029": 0.655310621242485,
      "0.0295": 0.654
    },
    "training_scores": {},
    "test_scores": {}
  },
  "parameters": {
    "n_examples": [
      3000
    ],
    "module_name": "transformer.h.2.ln_1"
  }
}