{
  "model": {
    "name": "EleutherAI-gpt-neo-2.7B",
    "dataset_seed": 42
  },
  "experiment": {
    "type": "conceptor_aperture",
    "module": "transformer.h.31.ln_2"
  },
  "metrics": {
    "validation_scores": {
      "1e-05": 0.762,
      "5e-05": 0.762,
      "0.0001": 0.762,
      "0.0005": 0.762,
      "0.001": 0.768,
      "0.005": 0.798,
      "0.01": 0.82,
      "0.05": 0.816,
      "0.1": 0.808,
      "0.5": 0.802,
      "1.0": 0.8016032064128257,
      "5.0": 0.7681451612903226,
      "10.0": 0.7531914893617021,
      "50.0": 0.5093167701863354,
      "100.0": 0.4803921568627451,
      "500.0": 0.48014440433212996,
      "1000.0": 0.4847457627118644,
      "5000.0": 0.49429657794676807,
      "10000.0": 0.48905109489051096
    },
    "training_scores": {},
    "test_scores": {}
  },
  "parameters": {
    "n_examples": [
      3000
    ],
    "module_name": "transformer.h.31.ln_2"
  }
}